,epoch_accuracies,epoch_accuracies_real,epoch_accuracies_fake,epoch_auc_scores,epoch_f1_scores,mean_real,mean_fake,loss_d,loss_rf_real,loss_rf_fake_d,loss_jigsaw_real,loss_g,loss_rf_fake_g,loss_jigsaw_fake
0,0.9904623769338958,0.9809247538677919,1.0,0.9999835179324894,0.9889256693565279,0.9543637,0.003583056,3.325686081552304,0.06112173794440135,0.050666714529012585,3.2138976346591352,9.50084614552526,9.50084614552526,3.256219450431534
1,0.9932753164556962,0.9881329113924051,0.9984177215189873,0.9996209124472574,0.9928458134246447,0.9800431,0.0039738626,2.9725328739182357,0.036545530296583216,0.026441375913191605,2.9095459668445183,9.898428814320624,9.898428814320624,2.9989113918336634
2,0.98707805907173,0.9781118143459916,0.9960443037974683,0.999159414556962,0.9848698699515228,0.96795624,0.010018417,2.974570789417637,0.0633551373907683,0.045736010901221674,2.865479642328834,9.535057936036637,9.535057936036637,3.1005603613229744
3,0.9906381856540084,0.9844409282700421,0.9968354430379747,0.9988462552742616,0.989958180865037,0.97546744,0.009229921,2.9106751051633166,0.0481272150962752,0.03806283645726657,2.8244850585229284,9.886982650193485,9.886982650193485,3.013794598197132
4,0.9853639240506329,0.9744198312236287,0.9963080168776371,0.9995714662447257,0.9841261301477294,0.9647025,0.009224648,2.917474537459104,0.06304515846521959,0.05251054596616237,2.8019188335676235,9.433012209864104,9.433012209864104,2.91671202655583
5,0.9839135021097046,0.9752109704641351,0.9926160337552743,0.9990440400843882,0.9823319856299216,0.9637735,0.014804679,2.9188074854355825,0.07337219461159704,0.05613602649593576,2.789299265744817,9.437161241402606,9.437161241402606,2.95126949080938
6,0.9777162447257384,0.9654535864978903,0.9899789029535865,0.997626582278481,0.9753207777233441,0.9498717,0.02103746,2.9749528566996255,0.09439729822464032,0.08200516573192805,2.798550399546885,8.861860600201892,8.861860600201892,2.897228840534194
7,0.9832542194092827,0.9736286919831224,0.992879746835443,0.9990770042194093,0.9817946350196693,0.953264,0.01780087,2.934903239399069,0.07851589242364228,0.06277551226123121,2.793611836332812,7.904165571751977,7.904165571751977,2.853844221131208
8,0.9697609001406469,0.9571905766526021,0.982331223628692,0.9940994198312236,0.967888836076931,0.9351133,0.029168755,3.005972371322696,0.10832395062272998,0.1189352166201228,2.7787132112285757,8.110209411961117,8.110209411961117,2.811502774556478
9,0.9800896624472574,0.9649261603375527,0.995253164556962,0.9984342035864979,0.9769752195073697,0.9455491,0.017837709,2.95700264379445,0.09093374298774357,0.07566099974802429,2.7904078950358846,7.283734352276798,7.283734352276798,2.8247516306140756
10,0.9777601969057667,0.9610583684950773,0.9944620253164557,0.9981540084388185,0.9736286233463356,0.94252485,0.019629618,2.956403307773896,0.09573555133396222,0.08030062393609574,2.780367140025529,7.771236372396412,7.771236372396412,2.7746112728923684
11,0.9758263009845287,0.9658931082981717,0.9857594936708861,0.9981540084388185,0.9726105286712827,0.9467933,0.028775167,2.9323857585086097,0.09201104579537028,0.08143209107330694,2.7589426221726816,7.125261953611414,7.125261953611414,2.8095340426964097
12,0.979298523206751,0.9667721518987342,0.991824894514768,0.9959454113924051,0.9760013272478605,0.9491077,0.020598758,2.917349338531494,0.09390849861309614,0.07174200281606932,2.751698830962684,7.8044748879686185,7.8044748879686185,2.8085815826045812
13,0.9821993670886076,0.9717827004219409,0.9926160337552743,0.9992912710970464,0.9796379611061178,0.95782524,0.017244022,2.8920065642409183,0.0762380506431183,0.06360173841162213,2.752166778226442,8.494445892325936,8.494445892325936,2.810427462501365
14,0.9611023206751055,0.9425105485232067,0.9796940928270043,0.9917589662447257,0.9545856419369506,0.92568165,0.035229784,3.024493235576002,0.15146304439456257,0.1260254147198275,2.747004771534401,7.400535151928286,7.400535151928286,2.7531631103547816
15,0.9752109704641351,0.9638713080168776,0.9865506329113924,0.9995055379746836,0.9724303339717872,0.94388396,0.029287515,2.9365446305979153,0.10303323168169656,0.08414362379627637,2.7493677793172844,7.495713635335995,7.495713635335995,2.7426297403086086
16,0.9644426863572434,0.95042194092827,0.9784634317862165,0.994049973628692,0.9604041616581365,0.9304508,0.036660943,2.971621267906221,0.1341564733932993,0.10629173261054935,2.7311730626263198,7.413234666429995,7.413234666429995,2.747823450635757
17,0.9701125175808721,0.9541139240506329,0.986111111111111,0.9921362224566339,0.9631734569969078,0.9352537,0.033298478,2.9709145992617065,0.13720448028278978,0.08990755738693534,2.7438025625446176,7.069318050070654,7.069318050070654,2.752643585205078
18,0.9680907172995781,0.957542194092827,0.9786392405063291,0.9971486023206751,0.9639891998410829,0.9398721,0.037622817,2.9426132958649585,0.10362144814791487,0.10148385017799742,2.7375079941648974,6.924862228868379,6.924862228868379,2.72997484227273
19,0.9729694092827004,0.9578059071729957,0.9881329113924051,0.9988957014767933,0.9687413821506676,0.9376123,0.029180922,2.9317316827894766,0.10702895432366683,0.09148773355601303,2.73321500307397,7.212334793831226,7.212334793831226,2.819078673793294
20,0.9778481012658228,0.9617616033755274,0.9939345991561181,0.9976430643459916,0.9730980857771321,0.94264495,0.024545653,2.9120291245134573,0.10726049837908748,0.07684599986422182,2.7279226276944963,6.525927991303713,6.525927991303713,2.7369695112172057
21,0.9839574542897328,0.9721343178621659,0.9957805907172996,0.9996044303797469,0.9812993572715141,0.9473063,0.017712073,2.8697936756198414,0.0811330807106321,0.06487394239604159,2.723786655860611,6.742625963838795,6.742625963838795,2.731871422836046
22,0.9779799578059072,0.9678270042194093,0.9881329113924051,0.9989945938818565,0.9750721250140452,0.9525717,0.024741754,2.878536702208378,0.08033033287620818,0.07418016357335014,2.7240262031555176,7.862550263666402,7.862550263666402,2.8185389876868654
23,0.9617616033755274,0.9414556962025317,0.9820675105485233,0.9955498417721519,0.9558572859902338,0.92002255,0.033435807,3.0218794667771096,0.145192125963078,0.13895060806996207,2.7377367291269423,7.992913671686679,7.992913671686679,2.741023480137692
24,0.9717387482419128,0.9566631504922645,0.9868143459915611,0.9978408491561181,0.9675474658368967,0.9381209,0.03589163,2.906139449228214,0.10454475563260204,0.08571529661807548,2.715879394032281,6.770709349636287,6.770709349636287,2.83259144714613
25,0.9788590014064696,0.9651019690576653,0.9926160337552743,0.996785996835443,0.9752104443266737,0.946594,0.027800918,2.8511437585082233,0.08556949177668703,0.06903776048084528,2.696536504769627,6.553354548502572,6.553354548502572,2.766480696352222
26,0.9800017580872012,0.9664205344585092,0.9935829817158932,0.9981961292780122,0.9772965367799148,0.94667536,0.019808954,2.8483561352838445,0.08418048850475957,0.07361561138768516,2.6905600330497643,7.050371758545501,7.050371758545501,2.7267951422099825
27,0.9687060478199718,0.9521800281293953,0.9852320675105485,0.9987473628691983,0.9641117014600875,0.93411815,0.030603124,2.92885183583835,0.11274612613338038,0.11303496555138594,2.7030707482044205,7.391863898888922,7.391863898888922,2.759116465532327
28,0.9705959915611815,0.9622890295358649,0.9789029535864979,0.9956652162447257,0.9656814646345563,0.9446924,0.035762668,2.8804651775440586,0.0979207222681173,0.08181275620351389,2.7007316939438444,7.606475416366561,7.606475416366561,2.712403243101096
29,0.9843090717299579,0.9760021097046413,0.9926160337552743,0.9990605221518988,0.9825127468345171,0.9554815,0.02503583,2.801900824414024,0.0672420107768423,0.061021993282568625,2.673636812701004,6.682456476275931,6.682456476275931,2.71807641721476
30,0.9712552742616034,0.9588607594936709,0.9836497890295358,0.9943851090014064,0.9659726201765075,0.93942523,0.034270152,2.8782391789593276,0.12114690288822952,0.08066903484397875,2.6764232398085452,6.951922002723951,6.951922002723951,2.7177206544433465
31,0.9611902250351617,0.9477848101265823,0.9745956399437413,0.9956432401547117,0.955758283354726,0.92952746,0.047187597,2.918132837311628,0.11710879507252706,0.11095568917288008,2.6900683545865087,6.571078691301467,6.571078691301467,2.712501313615952
32,0.9698048523206751,0.9567510548523207,0.9828586497890295,0.9970991561181435,0.9647323987504612,0.93303645,0.037707333,2.9217057680781884,0.12741636224624,0.11165763779632386,2.6826317632248635,6.9377997193155405,6.9377997193155405,2.684011718894862
33,0.9765295358649789,0.9675632911392406,0.9854957805907173,0.9989121835443038,0.9730277782563712,0.94312924,0.036947798,2.8483151564618203,0.09083510906794466,0.08235329256661965,2.675126754784886,6.77220244045499,6.77220244045499,2.677763110977688
34,0.9707718002812941,0.9560478199718705,0.9854957805907173,0.9981540084388185,0.9652064616971273,0.9384843,0.032003332,2.8695892975803168,0.10524627784672726,0.08497502139815023,2.6793679879184515,7.180205533776102,7.180205533776102,2.7078836507435087
35,0.9766613924050633,0.9659810126582279,0.9873417721518988,0.998104562236287,0.9725039032786282,0.93577504,0.02846338,2.878404835608438,0.10580933197062733,0.0948795026193954,2.6777159976556835,6.557426296708956,6.557426296708956,2.6750160108638714
36,0.9738924050632911,0.9665084388185654,0.9812763713080169,0.9989121835443038,0.9720099638185637,0.94350535,0.041355785,2.838516476788098,0.08541213249055979,0.07913436368932865,2.6739699860665365,6.618208963659745,6.618208963659745,2.6870862310948755
37,0.9791666666666666,0.9702004219409283,0.9881329113924051,0.9982034546413502,0.9760965694024054,0.9484817,0.027974304,2.8240275131499213,0.08097650303584353,0.072700941637773,2.670350064708211,6.967796057085447,6.967796057085447,2.7283773653617893
38,0.9695411392405063,0.9578059071729957,0.9812763713080169,0.994049973628692,0.9635738306275902,0.9456169,0.032926913,2.8827890384046335,0.11611248739316442,0.08659287388085822,2.6800836732115925,8.108186438113828,8.108186438113828,2.724175694622571
39,0.9841332630098452,0.973804500703235,0.9944620253164557,0.9988957014767933,0.9812348967361295,0.9575623,0.021648597,2.793646835576633,0.06969236857076037,0.0593428594372126,2.6646116131971658,7.194549438822621,7.194549438822621,2.6882070770746544
40,0.975870253164557,0.9651898734177216,0.9865506329113924,0.9987473628691983,0.9726348711799929,0.9461329,0.032841653,2.8230835797917493,0.08366469617620567,0.07599382647115621,2.6634250572462124,6.9787453729895095,6.9787453729895095,2.6699505717442507
41,0.9749912095639944,0.9692334739803093,0.9807489451476793,0.9980056698312236,0.9725867743026948,0.95210195,0.036936365,2.812184207047088,0.07954427784450975,0.06873365301524682,2.663906274465569,7.083753954006147,7.083753954006147,2.6893821507063596
42,0.9647063994374122,0.9497187060478199,0.9796940928270043,0.993720332278481,0.9588243516614726,0.93169975,0.040138345,2.9465156345930783,0.15341922439284464,0.11753601395553809,2.67556039995282,7.248028846229682,7.248028846229682,2.6867248016067697
43,0.974551687763713,0.9659810126582279,0.9831223628691983,0.9978408491561181,0.9706863600028679,0.94654894,0.037747588,2.8436768266219126,0.0930518373254117,0.08680518541666755,2.663819797934359,6.4762304633981564,6.4762304633981564,2.712559442479902
44,0.9785073839662447,0.9659810126582279,0.9910337552742616,0.9985001318565401,0.972207899411498,0.9500609,0.023330012,2.8526613843088913,0.11660280442816667,0.07224138917803487,2.6638171974616713,7.818846228756482,7.818846228756482,2.7310826868950566
45,0.9686181434599156,0.9593881856540084,0.9778481012658228,0.9939345991561181,0.965091243472323,0.93889207,0.040234398,2.8724685771555842,0.11421823823179468,0.09991561807335927,2.6583347199838374,6.572210219841969,6.572210219841969,2.6967791173025524
46,0.9709915611814346,0.9596518987341772,0.982331223628692,0.9958135548523207,0.9642115005570031,0.93964845,0.03985196,2.8439451571758285,0.1145853649569992,0.08214562939227162,2.6472141632047888,6.510272760431475,6.510272760431475,2.701218595987634
47,0.9698927566807313,0.9627285513361463,0.9770569620253164,0.9973793512658228,0.9658881938181038,0.94232434,0.037164602,2.8522188824440358,0.09610196943807144,0.09074497144056794,2.6653719360818338,7.095745961877364,7.095745961877364,2.676050291785711
48,0.9684862869198312,0.9564873417721519,0.9804852320675106,0.9979232594936709,0.9636375753270587,0.93732846,0.037895806,2.866618722802979,0.13096777244760532,0.08149161665547093,2.6541593376594252,6.96268799033346,6.96268799033346,2.664113266055594
49,0.9774525316455697,0.9709915611814346,0.9839135021097046,0.9977914029535865,0.9751901539523867,0.95585203,0.032600064,2.790140196240904,0.07148240806856648,0.06951824989828848,2.649139539098941,7.13829408919258,7.13829408919258,2.678047396462678
50,0.9783755274261603,0.9688818565400844,0.9878691983122363,0.9987143987341772,0.9760574588851306,0.9483597,0.03408237,2.790387592235195,0.07700892440387003,0.07226471328838378,2.641113956266315,6.546740875465457,6.546740875465457,2.680589887160289
51,0.9695411392405063,0.9636075949367089,0.9754746835443038,0.9964398734177216,0.966798802094485,0.9405753,0.043780204,2.8433496821278763,0.10277315983925107,0.09280744109951286,2.647769076914727,7.353358324066999,7.353358324066999,2.7100429152637595
52,0.9658491561181435,0.9541139240506329,0.977584388185654,0.9974947257383966,0.9603535547461277,0.9320874,0.041365344,2.8962450761835283,0.1225179250019389,0.12566236670065667,2.648064787377788,7.5761928809846,7.5761928809846,2.696039219948813
53,0.9760021097046413,0.9643987341772152,0.9876054852320675,0.997774920886076,0.9707040870908333,0.9428957,0.03144651,2.8055909595409023,0.09382134662401952,0.07650321844843892,2.6352663905308717,6.74074025697346,6.74074025697346,2.677985664158431
54,0.9793864275668073,0.9674753867791843,0.9912974683544303,0.9971815664556962,0.9769199397807156,0.9451764,0.032294184,2.797060471546801,0.08396495226078349,0.07500221012637878,2.638093311575395,6.308638117987395,6.308638117987395,2.665439547365728
55,0.9810126582278481,0.9704641350210971,0.9915611814345991,0.9994231276371308,0.978572653933139,0.94861794,0.027940674,2.7921802202860513,0.08373060594040996,0.07598171296886012,2.6324678996444253,7.03779894993778,7.03779894993778,2.6565002861908216
56,0.9674314345991561,0.9538502109704642,0.9810126582278481,0.9955333597046413,0.9618268040102536,0.93302846,0.03996333,2.852502222302594,0.12081564713271521,0.09923465347670822,2.6324519135277984,6.738847295443217,6.738847295443217,2.6745290092275114
57,0.9715189873417721,0.9614978902953587,0.9815400843881856,0.9981210443037974,0.9690128029028646,0.9383779,0.043271586,2.8147125063063223,0.09585383570092093,0.08692269129197841,2.6319359857824782,6.344131572840083,6.344131572840083,2.68585877076483
58,0.9853639240506329,0.9802215189873418,0.990506329113924,0.9994396097046413,0.9846773913443617,0.9537063,0.028094431,2.7482658790636667,0.06357412884736667,0.059291054168642394,2.6254006941107253,6.312467939240017,6.312467939240017,2.6609457142745394
59,0.9654535864978903,0.959915611814346,0.9709915611814346,0.9984012394514767,0.9614308693825724,0.93956864,0.044032216,2.8530842835390113,0.11098226404790182,0.1083247980834554,2.6337772180259478,7.639624936671197,7.639624936671197,2.6755172834114687
60,0.9711673699015472,0.963695499296765,0.9786392405063291,0.9980221518987342,0.9682188339598888,0.94024205,0.04205753,2.823388602663193,0.10695460448960148,0.08433484843910172,2.6320991526173136,6.850785591431308,6.850785591431308,2.691781743166316
61,0.9694092827004219,0.9585970464135021,0.9802215189873418,0.9954839135021097,0.9652061535973728,0.9343905,0.039083827,2.854369578985222,0.11470875117433378,0.10750283842104634,2.6321579937190447,6.944089989621931,6.944089989621931,2.664668771285045
62,0.973496835443038,0.9636075949367089,0.9833860759493671,0.998829773206751,0.9692570678952445,0.9418818,0.038000196,2.813913190415137,0.10919346396451746,0.0779562626646307,2.6267634544694474,6.42909423962927,6.42909423962927,2.652492860198524
63,0.9722222222222223,0.9651898734177216,0.9792545710267229,0.996115726090014,0.9696355618982127,0.94216245,0.038663726,2.7935225007906244,0.09000977670559285,0.08130243098899184,2.622210295391485,6.744108987256947,6.744108987256947,2.6824098951202906
64,0.977584388185654,0.9696729957805907,0.9854957805907173,0.999489055907173,0.9753205844569448,0.94665724,0.035153024,2.7922614294768384,0.08581176343054309,0.08438004894170782,2.622069620381931,6.7013400858464625,6.7013400858464625,2.618547667933919
65,0.9748154008438819,0.9640471167369903,0.9855836849507735,0.9966907671120487,0.9725228627060764,0.9426344,0.03240472,2.7879522299464745,0.08902378803843197,0.0824279903345125,2.6165004460620476,6.739785601821127,6.739785601821127,2.650595166009187
66,0.9512130801687764,0.9382911392405063,0.9641350210970464,0.993716669596812,0.9410751159763128,0.92081606,0.061523784,2.912642569481572,0.1596208729823005,0.13267571025621192,2.6203459787972365,6.2122085884150575,6.2122085884150575,2.6573045304052942
67,0.9593881856540084,0.945675105485232,0.9731012658227848,0.9963080168776371,0.9526661602596942,0.9294475,0.046588656,2.8772505999617435,0.13003410660739442,0.12218462163389104,2.6250318766646243,7.235959080201161,7.235959080201161,2.660773101235241
68,0.9760021097046413,0.9662447257383966,0.9857594936708861,0.9976925105485233,0.9737562132807422,0.9371774,0.039687555,2.792808247014943,0.09596790955457217,0.08216819273470508,2.6146721487809836,5.987092493958614,5.987092493958614,2.654495601412616
69,0.9662007735583684,0.9598277074542898,0.9725738396624473,0.9961431962025317,0.9636866629733206,0.93488604,0.04569029,2.823210573397608,0.11288376885635201,0.09938723996643442,2.6109395691111117,6.6575060942001985,6.6575060942001985,2.65966668008249
70,0.9703322784810127,0.9617616033755274,0.9789029535864979,0.9979232594936709,0.9674858621147933,0.93594074,0.045074712,2.8101253378743363,0.10087385391867075,0.09768169142909011,2.611569790900508,6.276992744534327,6.276992744534327,2.6448961551682357
71,0.9740682137834037,0.965014064697609,0.9831223628691983,0.9982529008438819,0.9714735709199191,0.9456455,0.04066443,2.780633797625449,0.08425409554124522,0.08318193591773174,2.6131977682878196,6.495778305118094,6.495778305118094,2.6496673867672302
72,0.976925105485232,0.9678270042194093,0.9860232067510548,0.999637394514768,0.9738129640423018,0.9450284,0.040118873,2.7598425376264353,0.08310386676694448,0.07524618901454677,2.6014924803866615,6.395639563914592,6.395639563914592,2.6439184830661566
73,0.9773206751054853,0.9702004219409283,0.9844409282700421,0.997989187763713,0.9753081623415958,0.94597876,0.039562322,2.770970337501558,0.08403943994209671,0.07833843402253102,2.6085924730019228,6.3507795353982015,6.3507795353982015,2.6236964328379573
74,0.9752988748241912,0.9674753867791843,0.9831223628691983,0.9978078850210971,0.9731654699101333,0.9412479,0.037890654,2.7715804375676667,0.08953821596110424,0.08531064508808973,2.596731577241471,6.396421042172718,6.396421042172718,2.6132221946233436
75,0.9692774261603375,0.9559599156118144,0.9825949367088608,0.9986979166666666,0.9647611561702039,0.9343621,0.03558916,2.823907074546009,0.1125246847501054,0.10477335245722227,2.6066090326268965,6.965937817650002,6.965937817650002,2.6273121471646466
76,0.9689697609001405,0.9621132208157523,0.9758263009845287,0.9961651722925456,0.9665391842635451,0.9409749,0.04717942,2.7956881110678244,0.10274619289265778,0.09091415691717143,2.6020277582643403,6.404251353650153,6.404251353650153,2.6208633461079014
77,0.9493670886075949,0.9409282700421941,0.9578059071729957,0.9946598101265823,0.9437192748206265,0.9207013,0.06606029,2.8834087727945064,0.14010112886138673,0.13321535129805945,2.610092296882018,6.325942361405128,6.325942361405128,2.641464428559637
78,0.9642668776371308,0.9591244725738397,0.9694092827004219,0.9961431962025317,0.9615796583642654,0.9364547,0.054793518,2.8010758428130975,0.10197654257331124,0.09623300085889698,2.6028663005506942,6.234639039019492,6.234639039019492,2.6324327947721198
79,0.9724419831223629,0.9651898734177216,0.9796940928270043,0.9933888595874356,0.968897351342946,0.94203115,0.04535304,2.7603601705172895,0.09613024164899173,0.07177435581427204,2.592455571210837,6.037726825802638,6.037726825802638,2.6021870601026316
80,0.975870253164557,0.9670358649789029,0.984704641350211,0.9991923786919831,0.9736200818412922,0.94628364,0.034845535,2.7725118816150394,0.08387756383398337,0.08789435122982568,2.600739963949984,6.85125221280609,6.85125221280609,2.6399442566095024
81,0.974551687763713,0.9667721518987342,0.982331223628692,0.997989187763713,0.971413447910826,0.9456812,0.04039095,2.7577010357933207,0.08869198382276773,0.07341489608751149,2.595594159661466,6.259203195571899,6.259203195571899,2.666333639169041
82,0.9738924050632911,0.9645745428973278,0.9832102672292545,0.9951414527660571,0.9713565718433171,0.9420145,0.03575726,2.7682189005839675,0.09210339001615485,0.07982959105222495,2.5962859236238374,6.753046849608924,6.753046849608924,2.6057025158958598
83,0.9753428270042194,0.9675632911392406,0.9831223628691983,0.9979067774261603,0.9727299966693784,0.94698626,0.036496595,2.7655985063641384,0.09030626050834216,0.07709196868286525,2.5982002849820294,6.646387393464519,6.646387393464519,2.653660491549013
84,0.9658052039381152,0.9607067510548524,0.9709036568213785,0.9973793512658228,0.9626052507641384,0.9361942,0.051099844,2.803425593718195,0.10335106000741624,0.11280225796626031,2.5872722778642228,6.389323509192165,6.389323509192165,2.6524389786056326
85,0.9630801687763713,0.957542194092827,0.9686181434599156,0.99609375,0.9596831473347905,0.93678355,0.051508512,2.8178389213256194,0.11327690516928714,0.11189678958440154,2.59266521759677,6.667847086608662,6.667847086608662,2.635114800577928
86,0.9625527426160337,0.9543776371308017,0.9707278481012658,0.9967695147679325,0.9576294259578133,0.9323602,0.049010847,2.8367056746020096,0.12038075127100241,0.11128585051630603,2.6050390724391375,6.546785196674524,6.546785196674524,2.629984926070845
87,0.9760021097046413,0.9709915611814346,0.9810126582278481,0.9980715981012658,0.9741210044365677,0.9458017,0.041666724,2.74197556600289,0.08349188291504873,0.07280833172244226,2.5856753461974584,6.085376623813613,6.085376623813613,2.617705198279916
88,0.9601793248945147,0.946993670886076,0.9733649789029536,0.9942477584388185,0.9533442081882507,0.9279744,0.04974277,2.8535507107585794,0.13299271758309078,0.1351667170726196,2.585391289071192,6.501752776938652,6.501752776938652,2.6070115626612798
89,0.9744637834036569,0.9634317862165963,0.9854957805907173,0.9977767522269104,0.9714750515149023,0.93848056,0.041995615,2.7582008023805256,0.09683106562458962,0.08239573332110718,2.578974005542224,6.137854659104649,6.137854659104649,2.6110561366825666
90,0.9698048523206751,0.9670358649789029,0.9725738396624473,0.997989187763713,0.9690435948256019,0.94553024,0.049371205,2.7599845827883307,0.08514152519934935,0.09252781531864565,2.5823152427431904,6.371877781449491,6.371877781449491,2.640200418762014
91,0.9810566104078763,0.973189170182841,0.9889240506329114,0.9978573312236287,0.9781217049879302,0.9494374,0.031687785,2.7321520696712445,0.08241766873822237,0.06847073066659934,2.5812636709414454,6.3750479774636055,6.3750479774636055,2.6331148549977232
92,0.9733649789029536,0.9617616033755274,0.9849683544303798,0.9981704905063291,0.9698864338355986,0.9386299,0.038863275,2.7816739434431375,0.10485776874881013,0.09480153801574365,2.5820146311184526,6.707576136045818,6.707576136045818,2.598835997440644
93,0.9713871308016878,0.9651898734177216,0.977584388185654,0.9986979166666666,0.9681622573117048,0.94383645,0.04789313,2.762396558930602,0.09726706375369244,0.08794343581598409,2.577186065384104,6.835450679441042,6.835450679441042,2.638828351024837
94,0.9760021097046413,0.9702004219409283,0.9818037974683544,0.9982199367088608,0.973524388220246,0.9484832,0.042188637,2.7270034898685505,0.0793166666312678,0.07342582455819535,2.574260992339895,6.306603154049644,6.306603154049644,2.6230174730598677
95,0.9821993670886076,0.9757383966244726,0.9886603375527426,0.9987803270042194,0.9802859329079696,0.9542516,0.032301016,2.707753263948336,0.06956527251678833,0.06568532876148701,2.5725026533070494,6.3375816264736,6.3375816264736,2.6127462377025106
96,0.9819356540084389,0.9746835443037974,0.9891877637130801,0.9988627373417721,0.9803255866185792,0.95161194,0.033477284,2.712837933488033,0.07076563507983526,0.06630679915759151,2.5757655021007553,6.3939004558048165,6.3939004558048165,2.6114856673695366
97,0.9848804500703235,0.981364275668073,0.9883966244725738,0.9989945938818565,0.983784955967086,0.9570384,0.033566494,2.688745576118115,0.06107074315367781,0.054889955538879334,2.5727848704857164,6.39287907865983,6.39287907865983,2.6224550858831606
98,0.9757383966244726,0.9733649789029536,0.9781118143459916,0.9980880801687764,0.9739435580743869,0.9514048,0.043078322,2.718090985897724,0.07299492063275427,0.07211724649352488,2.5729788234968227,6.372013844518219,6.372013844518219,2.6000741161877596
99,0.9719145569620253,0.9651898734177216,0.9786392405063291,0.9971650843881856,0.968019067074125,0.9485328,0.03938304,2.742935519681198,0.09281219966221373,0.07464661220258405,2.5754767047705025,6.832197828131889,6.832197828131889,2.60427473366009
100,0.973496835443038,0.9643987341772152,0.9825949367088608,0.9983353111814346,0.9701877086543413,0.94091326,0.03807064,2.751767137382604,0.09553228454091606,0.08623204535990057,2.570002805331588,6.601927972041102,6.601927972041102,2.6138099396782084
101,0.9806170886075949,0.9752109704641351,0.9860232067510548,0.9994725738396625,0.9790571863508666,0.9593435,0.033092428,2.6910256776125623,0.06286902625467297,0.05783452879748492,2.570322122251937,6.80390636427996,6.80390636427996,2.6129658021001374
102,0.9696729957805907,0.9630801687763713,0.9762658227848101,0.9962585706751055,0.9652441895008227,0.94346815,0.04168966,2.7604714576705094,0.09960281106161091,0.09059297659890146,2.570275670868435,7.201671021900096,7.201671021900096,2.6018963131723525
103,0.979957805907173,0.9733649789029536,0.9865506329113924,0.9990770042194093,0.9779771741012219,0.95361197,0.034841638,2.70801990243453,0.0712409045146862,0.07135610616507297,2.565422894079474,6.636619046770571,6.636619046770571,2.6019037041483046
104,0.979957805907173,0.9736286919831224,0.9862869198312236,0.9989616297468354,0.9787906989867422,0.9571411,0.031200053,2.6980789794197566,0.06593074250349337,0.0628046087625268,2.569343632283593,7.002101541068484,7.002101541068484,2.5920631774870153
105,0.9724419831223629,0.9665084388185654,0.9783755274261603,0.9982199367088608,0.9682431488678909,0.951792,0.041572593,2.709154130034306,0.08120794214144175,0.06404467526681017,2.5639015068987754,6.537828570176781,6.537828570176781,2.5970613956451416
106,0.9785073839662447,0.9712552742616034,0.9857594936708861,0.9951872362869199,0.974104970842138,0.9522726,0.03614452,2.737391527191999,0.11360953636419094,0.06026785591403277,2.5635141410908115,6.5747437396632975,6.5747437396632975,2.613551484884592
107,0.9649261603375527,0.959915611814346,0.9699367088607594,0.9975112078059072,0.9626910930243544,0.93724597,0.05192086,2.7809501499063356,0.10979604180031469,0.10780699605314262,2.563347108253447,6.787440961926295,6.787440961926295,2.6250606056004133
108,0.9854957805907173,0.9820675105485233,0.9889240506329114,0.9991923786919831,0.9849844711525674,0.9608879,0.03242425,2.666352611050827,0.054907640943222806,0.051441540761692606,2.56000343455544,6.46901406215716,6.46901406215716,2.633375411295187
109,0.9720024613220815,0.9645745428973278,0.9794303797468354,0.9990770042194093,0.9674760603292882,0.94916403,0.03865482,2.725033783208469,0.08857802208305171,0.07383361004704901,2.562622146767403,6.953840573628743,6.953840573628743,2.6168753255771686
110,0.9780678621659633,0.9751230661040788,0.9810126582278481,0.9991923786919831,0.9771149668638633,0.9519661,0.03907925,2.6979396403590337,0.07121594150203824,0.06834280725824204,2.558380898544054,6.766976528529879,6.766976528529879,2.5852611517604394
111,0.9715189873417721,0.9659810126582279,0.9770569620253164,0.9972090365682139,0.9676997745975888,0.9496992,0.040913425,2.723139575765103,0.09604238393329251,0.06858146261104973,2.558515728777471,6.594997435179441,6.594997435179441,2.5976441721372967
112,0.9661128691983122,0.9620253164556962,0.9702004219409283,0.997115638185654,0.9641774523587264,0.9424898,0.04877344,2.772269362638771,0.09610811239582205,0.1120717210788626,2.564089529624971,6.8341151264649405,6.8341151264649405,2.5969208192221727
113,0.9812763713080169,0.9757383966244726,0.9868143459915611,0.9982034546413502,0.979870716329268,0.9549482,0.035059314,2.681887882168283,0.06660967638942915,0.06283741386546872,2.5524407992383096,6.5669042973578735,6.5669042973578735,2.6057463165073957
114,0.9829905063291139,0.9767932489451476,0.9891877637130801,0.9996868407172996,0.9810650780106246,0.9574707,0.030058382,2.663449625425701,0.0631458867919853,0.056259611231452476,2.544044121408261,6.497994812229011,6.497994812229011,2.6067941540907205
115,0.9814082278481012,0.9767932489451476,0.9860232067510548,0.9990605221518988,0.9790358927076308,0.95665914,0.034719303,2.6786381705400815,0.06745599558480478,0.062257305052170205,2.5489248666079236,6.798142357717587,6.798142357717587,2.587492385494055
116,0.9804852320675106,0.979957805907173,0.9810126582278481,0.9984836497890295,0.9798415769860214,0.9590292,0.038058117,2.669806624263651,0.05953590619016181,0.05773099187149167,2.5525397228289255,6.963829014371719,6.963829014371719,2.5832695498245175
117,0.9779799578059072,0.9733649789029536,0.9825949367088608,0.9989286656118144,0.976030847283937,0.95523316,0.036522448,2.683279194409334,0.07546634172131556,0.06288941540021718,2.544923439307555,6.691318450597771,6.691318450597771,2.614640963228443
118,0.988792194092827,0.9852320675105485,0.9923523206751055,0.9993736814345991,0.9882301690105534,0.9654609,0.023410793,2.637706633861558,0.04802492504210091,0.046117368238776206,2.5435643407362925,6.881095902326238,6.881095902326238,2.5962854950739866
119,0.9724419831223629,0.9657172995780591,0.9791666666666666,0.9988627373417721,0.9696891362140735,0.94995105,0.037040297,2.7190444278314647,0.08797335703241833,0.07975809090138786,2.5513129767486316,7.075527824933016,7.075527824933016,2.588818689941857
120,0.9653656821378341,0.9593881856540084,0.9713431786216595,0.9943851090014064,0.96079010264246,0.943556,0.04674239,2.74585809888719,0.11284631535345886,0.08526493717439895,2.5477468454385104,7.191164814470186,7.191164814470186,2.6110199956451288
121,0.9746835443037974,0.9657172995780591,0.9836497890295358,0.9983517932489452,0.9721090253286578,0.9482838,0.03794548,2.724325557298298,0.08605829912295049,0.08907588717077868,2.549191370292052,6.622114312296678,6.622114312296678,2.583191848505398
122,0.9817598452883263,0.977232770745429,0.9862869198312236,0.9990275580168776,0.9809102833959912,0.9562538,0.03458791,2.669907612136648,0.06660660601154521,0.06245345095408755,2.540847559015459,6.6768919973936764,6.6768919973936764,2.5847845600627144
123,0.9715629395218004,0.9671237693389592,0.9760021097046413,0.9990605221518988,0.9687551517528958,0.94694436,0.04359255,2.717199509656882,0.09266371486286258,0.08217828878238875,2.5423575051223177,6.807472023782851,6.807472023782851,2.5923221131417318
124,0.982331223628692,0.9786392405063291,0.9860232067510548,0.9992088607594937,0.981531874802548,0.95899594,0.037445303,2.6675384507400577,0.06046911732255179,0.060865857726098566,2.5462034754612275,6.4289901819913196,6.4289901819913196,2.5994889605397415
125,0.9819356540084389,0.9765295358649789,0.9873417721518988,0.9994231276371308,0.9800669032453908,0.9596694,0.029941333,2.6633221016654485,0.06868680747159839,0.053474736764836335,2.5411605583464545,6.691208006460456,6.691208006460456,2.589219496722966
126,0.9876054852320675,0.9836497890295358,0.9915611814345991,0.9992088607594937,0.9868820950005616,0.96359676,0.026871737,2.6479270528640426,0.051980787958225326,0.05558046249339734,2.5403658045998103,7.0047502024767265,7.0047502024767265,2.5714638454501637
127,0.9804852320675106,0.9738924050632911,0.98707805907173,0.9988957014767933,0.9787136408344848,0.95656836,0.03077206,2.6686650207777065,0.07109299249509388,0.06390793636383638,2.53366409776583,6.998836071682379,6.998836071682379,2.5822038318537457
128,0.9827267932489452,0.9802215189873418,0.9852320675105485,0.9987803270042194,0.9820799580548154,0.9595182,0.031565875,2.658307625774593,0.060800282508200576,0.05742890498051857,2.5400784407989887,6.7555277639300515,6.7555277639300515,2.587075293818607
129,0.9728375527426161,0.9641350210970464,0.9815400843881856,0.9980386339662447,0.9698591923008594,0.9474221,0.0373355,2.7164034984282805,0.09158307072953532,0.08186626879197255,2.54295416220331,7.272555285868262,7.272555285868262,2.5776458188954283
130,0.9709476090014064,0.9658931082981717,0.9760021097046413,0.9992912710970464,0.968741019782335,0.9480288,0.04122803,2.7110537044106655,0.09294987201856816,0.08125967294754562,2.5368441599833815,7.178964404617181,7.178964404617181,2.5887009996905106
131,0.9773206751054853,0.9746835443037974,0.979957805907173,0.9989451476793249,0.9753341088966377,0.9573411,0.03990119,2.6703010782410828,0.06734417056005614,0.06280011247255533,2.540156800032668,6.751152437950489,6.751152437950489,2.610805560767902
132,0.9868143459915611,0.9828586497890295,0.9907700421940928,0.9997362869198312,0.986391747067538,0.9654048,0.029324807,2.620815823349772,0.04762705992053973,0.04387841393502099,2.5293103521886255,6.760201885730406,6.760201885730406,2.5649573299955217
133,0.9719145569620253,0.9715189873417721,0.9723101265822784,0.9981869725738397,0.9708007901025032,0.9520999,0.04294053,2.699852424331858,0.07819760045214133,0.08566698181652722,2.5359878419320796,7.01942893674102,7.01942893674102,2.602715717589302
134,0.9836058368495076,0.9788150492264417,0.9883966244725738,0.9984342035864979,0.9825851616125192,0.9602979,0.03141303,2.6491058385824857,0.060593065613626436,0.05621885058198005,2.5322939242994735,6.819623634282044,6.819623634282044,2.599688309657423
135,0.9800896624472574,0.9783755274261603,0.9818037974683544,0.997956223628692,0.9796273987978353,0.9581407,0.038008306,2.6616544975007135,0.06216481651585557,0.06566222392607818,2.5338274587558796,6.713225478361427,6.713225478361427,2.560918537373281
136,0.9814082278481012,0.977584388185654,0.9852320675105485,0.9985495780590717,0.9804514082483785,0.9614182,0.031328756,2.6431889322739615,0.06078014761015803,0.0535906404302564,2.5288181455829477,6.849564139853047,6.849564139853047,2.571973324828007
137,0.9860232067510548,0.9825949367088608,0.989451476793249,0.9992088607594937,0.9853154129983677,0.96388674,0.02730649,2.629356135798909,0.05465048632001472,0.048748411450201715,2.5259572322861557,7.059595596941212,7.059595596941212,2.569139405141903
138,0.9819356540084389,0.9781118143459916,0.9857594936708861,0.998829773206751,0.9802752490039922,0.9631455,0.036180995,2.635680389806691,0.058520083358426185,0.05196260256173902,2.525197703124099,6.7747859974953695,6.7747859974953695,2.583850901841111
139,0.9764855836849506,0.9740682137834037,0.9789029535864979,0.9995385021097046,0.9756453152213576,0.9562455,0.036704294,2.658010670907387,0.06694635122978851,0.060629885613480886,2.530434439453898,7.227144327847767,7.227144327847767,2.569374207202895
140,0.984045358649789,0.9831223628691983,0.9849683544303798,0.9988132911392406,0.9837398926895379,0.96678656,0.02985626,2.6185973082916645,0.04891837088433812,0.046288863846742745,2.5233900718045135,6.857602627468512,6.857602627468512,2.5718095232162796
141,0.9741121659634318,0.9711673699015472,0.9770569620253164,0.9987473628691983,0.9724299079605297,0.9540663,0.0382111,2.668302944440882,0.07659155977427022,0.06546983473112326,2.526241555998597,7.20024846726832,7.20024846726832,2.5773332189407028
142,0.9757383966244726,0.9728375527426161,0.9786392405063291,0.9985990242616034,0.9741241511750774,0.9560641,0.03936124,2.6771472224706336,0.07092285829123633,0.07849242643767305,2.5277319316622577,7.036954517605938,7.036954517605938,2.5891596607015104
143,0.9857594936708861,0.9849683544303798,0.9865506329113924,0.9989451476793249,0.9852155771572808,0.96919787,0.03141087,2.6073610923461272,0.045385085088828936,0.040631095769916824,2.521344910191081,6.920336704213911,6.920336704213911,2.564516588605406
144,0.9786392405063291,0.9789029535864979,0.9783755274261603,0.9995385021097046,0.9779266468012182,0.9584343,0.036631662,2.659909323800968,0.06247708464367241,0.07113616379987595,2.5262960784042936,7.534459809210733,7.534459809210733,2.582927128433678
145,0.9795622362869199,0.9760021097046413,0.9831223628691983,0.998467167721519,0.977290067725287,0.96158427,0.03237481,2.650386794206965,0.07042694290662256,0.06105702273401831,2.5189028238948388,7.177902806157301,7.177902806157301,2.5585193332237535
146,0.9827267932489452,0.9791666666666666,0.9862869198312236,0.9992088607594937,0.981759134028886,0.96108675,0.029765077,2.643185170893931,0.06163142210920234,0.05651833592811322,2.525035413508677,7.1082345835770235,7.1082345835770235,2.5819656486752667
147,0.9890559071729957,0.9857594936708861,0.9923523206751055,0.9997527689873418,0.9882657886566114,0.97002137,0.02195722,2.6002835432688394,0.04315027464114872,0.038531845824687126,2.518601421565446,7.1619538979188295,7.1619538979188295,2.576333598245548
148,0.9910337552742616,0.9910337552742616,0.9910337552742616,0.9995220200421941,0.9909321265692248,0.9717376,0.025884973,2.5916615367438722,0.037764847555031233,0.035994933186823334,2.5179017555864553,7.039718841198628,7.039718841198628,2.5877658475803424
149,0.9798259493670886,0.9781118143459916,0.9815400843881856,0.9986319883966245,0.979357692766536,0.96644187,0.03705337,2.622990110252477,0.052128655910402805,0.048913848978192336,2.521947600167512,7.1424450522233665,7.1424450522233665,2.5765790828672643
150,0.9789029535864979,0.9770569620253164,0.9807489451476793,0.9989945938818565,0.9783151867569873,0.9629491,0.035689536,2.639254871802994,0.0578479699763403,0.05887748503486563,2.5225294239913363,7.668235953850083,7.668235953850083,2.576930727133771
151,0.9862869198312236,0.984704641350211,0.9878691983122363,0.999489055907173,0.9858196040151542,0.9686395,0.029105347,2.612176761345521,0.04607285671633194,0.04443527700546254,2.5216686303102516,7.2188872838322125,7.2188872838322125,2.5910240799062865
152,0.9880010548523207,0.984704641350211,0.9912974683544303,0.9994396097046413,0.9872963985009241,0.9701953,0.024095777,2.6000437525254263,0.04263047975013071,0.0395799745209217,2.517833297262715,7.597802246673198,7.597802246673198,2.5746502162031986
153,0.9808808016877637,0.9770569620253164,0.984704641350211,0.9993242352320675,0.979564537306183,0.96310836,0.02989787,2.640394414024514,0.06208423190291278,0.0582415259430621,2.520068658555107,7.952631823624237,7.952631823624237,2.6083956187284447
154,0.9881329113924051,0.9844409282700421,0.991824894514768,0.9992747890295358,0.9875543753960687,0.9700456,0.022867521,2.6019009165623017,0.04453608951485446,0.04365504837421178,2.513709778524149,7.283675034840901,7.283675034840901,2.5735772470884686
155,0.9910337552742616,0.9910337552742616,0.9910337552742616,0.9997198048523207,0.9910487612300746,0.9749868,0.02341155,2.5806548182974387,0.034939687707609864,0.03588113266006893,2.509834000832924,7.481535859248809,7.481535859248809,2.5702922917619535
156,0.9747714486638537,0.9695850914205345,0.979957805907173,0.9988792194092827,0.9733195386509237,0.9544249,0.034713406,2.6620724774614164,0.07361740177715573,0.07378332922820019,2.5146717481975314,7.740180436065931,7.740180436065931,2.5851015008451568
157,0.9708597046413502,0.9657172995780591,0.9760021097046413,0.998978111814346,0.9689297345493594,0.9536072,0.04205083,2.680302168246563,0.08126531145929332,0.07778226407292847,2.5212545918009956,7.5776225112158535,7.5776225112158535,2.5829826336872728
158,0.9860232067510548,0.9839135021097046,0.9881329113924051,0.9994725738396625,0.9855389831622255,0.9695027,0.029253883,2.5999759742479283,0.04448059444882994,0.04288084608964602,2.512614544936876,7.208899002034956,7.208899002034956,2.5620766832858703
159,0.9889240506329114,0.9897151898734177,0.9881329113924051,0.9997033227848101,0.9885808540463148,0.9735623,0.028655563,2.5803548042281266,0.036059414424288345,0.03457865899809623,2.509716735107486,7.1397506401005675,7.1397506401005675,2.5607940607433077
160,0.9945938818565401,0.9923523206751055,0.9968354430379747,0.9998846255274262,0.9944802081377468,0.97896695,0.01778064,2.562172293160032,0.02748189462128322,0.02456987517381643,2.5101205226238266,7.0936313661341925,7.0936313661341925,2.5571840916001847
161,0.9828586497890295,0.9789029535864979,0.9868143459915611,0.998978111814346,0.9815539746762891,0.96545357,0.027404258,2.6318648434892484,0.0606420577469156,0.052180670561347335,2.519042111650298,7.773903983554759,7.773903983554759,2.5851727638566544
162,0.9736286919831224,0.9720464135021097,0.9752109704641351,0.9986814345991561,0.9722886844965936,0.96024126,0.03967426,2.652757569204403,0.0734721288050994,0.0648682504044493,2.5144171875740406,7.740328595608095,7.740328595608095,2.5850294722786433
163,0.9856276371308017,0.9818037974683544,0.989451476793249,0.9992583069620253,0.9851175751868484,0.9689486,0.027078776,2.603957382435537,0.04890862211857295,0.045045878688044834,2.510002879653802,7.42432011330681,7.42432011330681,2.595252981668786
164,0.9844409282700421,0.982331223628692,0.9865506329113924,0.9990605221518988,0.9829814011790505,0.9687553,0.028129844,2.6082434442978872,0.0514602273944455,0.04392283994190202,2.51286037259967,7.486845965123881,7.486845965123881,2.5747249176733606
165,0.9853639240506329,0.9818037974683544,0.9889240506329114,0.9990275580168776,0.9846515836007118,0.96998096,0.02588948,2.6023697672010977,0.04530430399726388,0.04583835372354559,2.511227111776167,7.651444830471957,7.651444830471957,2.5713516488859924
166,0.9873417721518988,0.9844409282700421,0.9902426160337553,0.9997198048523207,0.9865872919452895,0.97163486,0.023627888,2.58854853553611,0.04255282483980712,0.037688407692587925,2.50830729701851,7.629247180520231,7.629247180520231,2.5736072455780414
167,0.9848364978902954,0.9828586497890295,0.9868143459915611,0.9998351793248945,0.9844194438896164,0.97247463,0.026814276,2.58471062817151,0.04031234877023548,0.0387962067221367,2.50560207809577,7.784857852549493,7.784857852549493,2.5810827434314456
168,0.9898030942334739,0.9880450070323489,0.9915611814345991,0.9998681434599156,0.9894419482701987,0.9737789,0.020835502,2.581854416851253,0.038594953638035605,0.03526438239654615,2.5079950833622413,7.817407769995903,7.817407769995903,2.5541706648556994
169,0.9841772151898734,0.9818037974683544,0.9865506329113924,0.9994066455696202,0.9837072777662222,0.9693767,0.02792638,2.6042766842661025,0.048525656871657115,0.05070018577480906,2.505050841263075,7.9947138687729336,7.9947138687729336,2.5703121257733694
170,0.9806170886075949,0.9786392405063291,0.9825949367088608,0.9989121835443038,0.9800419555831832,0.9639805,0.03347712,2.635118222940823,0.05786279894727555,0.06452332462465514,2.512732100386157,7.523573480074918,7.523573480074918,2.572098931179771
171,0.9851002109704642,0.9820675105485233,0.9881329113924051,0.9992583069620253,0.9846669463749678,0.9697855,0.026792854,2.5980709574896577,0.04645082885906408,0.04513939581009538,2.506480739086489,7.62202053029829,7.62202053029829,2.576626168021673
172,0.9696729957805907,0.9654535864978903,0.9738924050632911,0.9987638449367089,0.9677762207811865,0.9513801,0.040239383,2.689466190740529,0.08755854357744242,0.08738661327901401,2.5145210394879434,8.049994837885668,8.049994837885668,2.591436499784767
173,0.9873417721518988,0.9844409282700421,0.9902426160337553,0.9997033227848101,0.986657646182933,0.9709925,0.025213368,2.5952879215594584,0.044980279962476624,0.04387545937674314,2.506432179157241,7.574405044442994,7.574405044442994,2.6002074334188854
174,0.9903305203938114,0.9888361462728552,0.991824894514768,0.9998516613924051,0.9900300278720146,0.9745613,0.023814607,2.5696555189945527,0.03908816717333672,0.02947131904697216,2.5010960363637547,7.302372989775259,7.302372989775259,2.5779091768626925
175,0.98707805907173,0.9881329113924051,0.9860232067510548,0.9998186972573839,0.9871675649215073,0.9742527,0.027096536,2.57636292775472,0.03534079214852321,0.03480135927850897,2.5062207702845964,7.475331584109536,7.475331584109536,2.5536327392240112
176,0.9874736286919831,0.9852320675105485,0.9897151898734177,0.9995879483122363,0.9871676859793328,0.9722026,0.023105418,2.5860581719925637,0.04005360612917471,0.04231412935939572,2.503690441952476,7.710159131746252,7.710159131746252,2.562306382988073
177,0.979650140646976,0.976177918424754,0.9831223628691983,0.999489055907173,0.9782298725163473,0.9633417,0.030837301,2.6260620622192254,0.06396837428402026,0.05092626050601861,2.5111674326884597,8.031493715093106,8.031493715093106,2.562563525976511
178,0.9851002109704642,0.9828586497890295,0.9873417721518988,0.9994066455696202,0.9845411609749602,0.9701142,0.026430266,2.594298733940607,0.0466987074308808,0.04426275739756478,2.5033372655699524,7.807128712094785,7.807128712094785,2.5588231992117967
179,0.9899789029535865,0.9886603375527426,0.9912974683544303,0.9997857331223629,0.9897362370780961,0.97583514,0.02293901,2.5719242448042214,0.03550907938855408,0.03230307776488849,2.50411208571261,7.767750856745595,7.767750856745595,2.5843711754440757
180,0.9849683544303798,0.9883966244725738,0.9815400843881856,0.9994560917721519,0.9852071509894738,0.97629297,0.031850357,2.5752766182654017,0.03547086067517419,0.036629597065967204,2.5031761599995415,7.9142021599701184,7.9142021599701184,2.571969944716506
181,0.994198312236287,0.992879746835443,0.9955168776371308,0.9999340717299579,0.9941498273372462,0.9822728,0.013472195,2.5448582232752934,0.02434605590398269,0.020895905476991865,2.4996162627819722,8.298619646563308,8.298619646563308,2.5535812106313585
182,0.9840014064697609,0.9796940928270043,0.9883087201125177,0.9993901635021097,0.9826545902774373,0.97149825,0.022990698,2.598604017169164,0.05249533982829104,0.04305979935258931,2.503048877675825,7.995515904849088,7.995515904849088,2.542582370057891
183,0.9902426160337553,0.990506329113924,0.9899789029535865,0.9997033227848101,0.9902246594449998,0.976758,0.02161191,2.5686950925030287,0.035004969847855213,0.03300305378478647,2.5006870760696347,8.11631632152992,8.11631632152992,2.568424931055383
184,0.98707805907173,0.9833860759493671,0.9907700421940928,0.999670358649789,0.9864914681607673,0.9709783,0.022687474,2.5946821341534707,0.04467281805790531,0.04877820727657315,2.5012311030037795,8.360063419060365,8.360063419060365,2.5706981153930792
185,0.9682665260196907,0.963695499296765,0.9728375527426161,0.9979727056962026,0.9647249583569911,0.95341164,0.039743617,2.694652540271292,0.0970875351845134,0.09520238501067269,2.502362610418585,8.434140962890432,8.434140962890432,2.562846722985119
186,0.9666402953586498,0.9649261603375527,0.9683544303797469,0.9970991561181435,0.965574106526438,0.95189077,0.04499218,2.6824954340729534,0.08674310222133302,0.0888775957681966,2.506874734339332,7.625094751768474,7.625094751768474,2.5595752579250415
187,0.9889240506329114,0.9910337552742616,0.9868143459915611,0.9998022151898734,0.9891698611976959,0.97642356,0.026016017,2.561640282723471,0.03198807866022028,0.03222903253300359,2.4974231719970703,7.441045335576504,7.441045335576504,2.5514444510142007
188,0.9824630801687764,0.9796940928270043,0.9852320675105485,0.9996538765822784,0.9819008899942399,0.9696308,0.030762205,2.5913917837263662,0.045058749595265124,0.046326985442374666,2.500006044967265,7.710601525970652,7.710601525970652,2.5681836252977073
189,0.9889240506329114,0.9878691983122363,0.9899789029535865,0.9991923786919831,0.9884831164559219,0.9769166,0.020653842,2.5568272423643603,0.03398524402378692,0.029281303853271243,2.493560684381155,7.789320957811573,7.789320957811573,2.5556236741915033
190,0.9891877637130801,0.9876054852320675,0.9907700421940928,0.9997857331223629,0.9885846605975139,0.97446835,0.022950584,2.5695851905436458,0.04015490572326313,0.032166515549422105,2.4972637735841645,7.869103385426324,7.869103385426324,2.5486831715338343
191,0.9881329113924051,0.9886603375527426,0.9876054852320675,0.9997362869198312,0.9879528363611572,0.97805995,0.024168387,2.5657230660885193,0.03328334777245429,0.03694571695554958,2.4954939995133927,7.9900450454985545,7.9900450454985545,2.5640472520755817
192,0.9835179324894515,0.9791666666666666,0.9878691983122363,0.9990440400843882,0.9813066860076335,0.96825343,0.02383231,2.609773833037429,0.059596429372801095,0.051315571610458285,2.4988618299427916,8.321693844936066,8.321693844936066,2.5570323809289732
193,0.9824630801687764,0.979957805907173,0.9849683544303798,0.9992912710970464,0.9819658673453644,0.9652519,0.02934061,2.610433132839605,0.05395354521021856,0.05925245061450296,2.4972271345838717,8.284465924596988,8.284465924596988,2.5634387877420033
194,0.9902426160337553,0.9889240506329114,0.9915611814345991,0.9997857331223629,0.9900780591339597,0.97688997,0.020872697,2.5567946997372912,0.033554559842905875,0.03125954308874697,2.491980596936705,7.989389360202516,7.989389360202516,2.546273308967236
195,0.9882647679324894,0.9865506329113924,0.9899789029535865,0.9995549841772152,0.9875786392051707,0.97402537,0.022681886,2.575998487351816,0.03979852369800416,0.041355506868418726,2.4948444557592335,7.971557166505966,7.971557166505966,2.563911700550514
196,0.9921765119549929,0.9935829817158932,0.9907700421940928,0.9997692510548524,0.9920804802488202,0.98042786,0.019300854,2.5420006830481032,0.02576957191436103,0.024265774641910095,2.4919653381476423,8.065484300444398,8.065484300444398,2.5714161094230943
197,0.9832542194092827,0.9839135021097046,0.9825949367088608,0.9994725738396625,0.9831457168559548,0.97037464,0.030905148,2.5912928299561835,0.04781361139297691,0.046143618863310094,2.4973355989415937,8.182379868463121,8.182379868463121,2.553075121424872
198,0.9873417721518988,0.9868143459915611,0.9878691983122363,0.9996044303797469,0.9869325025209014,0.97553957,0.025601529,2.566503078122682,0.037913352110361315,0.035664881081988384,2.4929248461743447,7.975517467104433,7.975517467104433,2.5700929698058825
199,0.9897151898734177,0.9910337552742616,0.9883966244725738,0.9997362869198312,0.9897614101117567,0.9783759,0.022510458,2.555183608823688,0.0299623099591892,0.031030366061693574,2.4941909333321615,8.133264065794805,8.133264065794805,2.5627652220585175
